real,reconstructed
3b2df9efaf0e42c3763dfbf3b387e8ac,3b2df9efaf0e42c3763dfbf3b387e8ac_r
5ba040f1b7aa293dc915e40f0e39b3f8,5ba040f1b7aa293dc915e40f0e39b3f8_r
6eb2e789526629ed382be35a4192fc25,6eb2e789526629ed382be35a4192fc25_r
6f94f65c954eaa1a7d722dff848810ac,6f94f65c954eaa1a7d722dff848810ac_r
7ab599405cf71cba21eecd46b730508,7ab599405cf71cba21eecd46b730508_r
7e5172ad4e622ec6bdffee40c761e54a,7e5172ad4e622ec6bdffee40c761e54a_r
9abbb21f98f0aa977beaf958243cc342,9abbb21f98f0aa977beaf958243cc342_r
10ff906c25d12371be60cf5f24801fb1,10ff906c25d12371be60cf5f24801fb1_r
19c88e43e58f7e3b52041ac204ee5717,19c88e43e58f7e3b52041ac204ee5717_r
22ba4974b508590e5daadeabe775a344,22ba4974b508590e5daadeabe775a344_r
35df25c3d2f57c32c2be722b51b16cd2,35df25c3d2f57c32c2be722b51b16cd2_r
40cdea68f25828d8bfd84a557479400c72bfb6941c1de300a4e10eee4831c421,40cdea68f25828d8bfd84a557479400c72bfb6941c1de300a4e10eee4831c421_r
63b3e7984cd58d477392d4cf52731765c6d8d6878a7d29eecff28fcbdfa20a9b,63b3e7984cd58d477392d4cf52731765c6d8d6878a7d29eecff28fcbdfa20a9b_r
91f6d7c058d344cac284e32c7528ad52227190b95375ae261c10e8fb7d94425b,91f6d7c058d344cac284e32c7528ad52227190b95375ae261c10e8fb7d94425b_r
496b696785ad2da1e310e53bb5be541d2ea161424b076eabeb0b1d4a6b6d2f3e,496b696785ad2da1e310e53bb5be541d2ea161424b076eabeb0b1d4a6b6d2f3e_r
810bcecc0287f5afe2bc9e1cb2b18ec1144811921d7599d6b2c6fcc5e47a4aa3,810bcecc0287f5afe2bc9e1cb2b18ec1144811921d7599d6b2c6fcc5e47a4aa3_r
4385a289fa7f32a4400492be839ddf44,4385a289fa7f32a4400492be839ddf44_r
07033864d4889d76cabaf716194d08b1,07033864d4889d76cabaf716194d08b1_r
b44f76c982e61da75229c6c579a44c3ead8144f558b4381cd30e4d6df14b6028,b44f76c982e61da75229c6c579a44c3ead8144f558b4381cd30e4d6df14b6028_r
cf33ccfee6f7eb1725eaa67ab3de4476,cf33ccfee6f7eb1725eaa67ab3de4476_r
pexels-ash-valiente-1680519-3533228,pexels-ash-valiente-1680519-3533228_r
pexels-dennisshotit-10415856,pexels-dennisshotit-10415856_r
pexels-elletakesphotos-1680173,pexels-elletakesphotos-1680173_r
pexels-hannah-nelson-390257-1456951,pexels-hannah-nelson-390257-1456951_r
pexels-kampus-6763716,pexels-kampus-6763716_r
pexels-markarronsmith-2168356,pexels-markarronsmith-2168356_r
pexels-ollives-1122462,pexels-ollives-1122462_r
pexels-rebrand-cities-581004-1367269,pexels-rebrand-cities-581004-1367269_r
pexels-simon-robben-55958-614810,pexels-simon-robben-55958-614810_r
pexels-thgusstavo-1933873,pexels-thgusstavo-1933873_r